,name,Code,year,value,color
2989,Brazil,BRA,1910,4198944.0,#4C553F
2990,Brazil,BRA,1911,4605648.0,#4C553F
2991,Brazil,BRA,1912,5591264.0,#4C553F
2992,Brazil,BRA,1913,6034608.0,#4C553F
2993,Brazil,BRA,1914,4107344.0,#4C553F
2994,Brazil,BRA,1915,3143712.0,#4C553F
2995,Brazil,BRA,1916,2879904.0,#4C553F
2996,Brazil,BRA,1917,2498848.0,#4C553F
2997,Brazil,BRA,1918,2322976.0,#4C553F
2998,Brazil,BRA,1919,3070432.0,#4C553F
2999,Brazil,BRA,1920,3645680.0,#4C553F
3000,Brazil,BRA,1921,2890896.0,#4C553F
3001,Brazil,BRA,1922,3781248.0,#4C553F
3002,Brazil,BRA,1923,4616640.0,#4C553F
3003,Brazil,BRA,1924,5103952.0,#4C553F
3004,Brazil,BRA,1925,5375088.0,#4C553F
3005,Brazil,BRA,1926,5477680.0,#4C553F
3006,Brazil,BRA,1927,6074912.0,#4C553F
3007,Brazil,BRA,1928,5928352.0,#4C553F
3008,Brazil,BRA,1929,6346048.0,#4C553F
3009,Brazil,BRA,1930,5514320.0,#4C553F
3010,Brazil,BRA,1931,4169632.0,#4C553F
3011,Brazil,BRA,1932,4169632.0,#4C553F
3012,Brazil,BRA,1933,4722896.0,#4C553F
3013,Brazil,BRA,1934,4623968.0,#4C553F
3014,Brazil,BRA,1935,5510656.0,#4C553F
3015,Brazil,BRA,1936,5147920.0,#4C553F
3016,Brazil,BRA,1937,6089568.0,#4C553F
3017,Brazil,BRA,1938,6096896.0,#4C553F
3018,Brazil,BRA,1939,5950336.0,#4C553F
3019,Brazil,BRA,1940,6488944.0,#4C553F
3020,Brazil,BRA,1941,6283760.0,#4C553F
3021,Brazil,BRA,1942,5869728.0,#4C553F
3022,Brazil,BRA,1943,6477952.0,#4C553F
3023,Brazil,BRA,1944,5899040.0,#4C553F
3024,Brazil,BRA,1945,6826032.0,#4C553F
3025,Brazil,BRA,1946,7463568.0,#4C553F
3026,Brazil,BRA,1947,8951152.0,#4C553F
3027,Brazil,BRA,1948,7851952.0,#4C553F
3028,Brazil,BRA,1949,7371968.0,#4C553F
3029,Brazil,BRA,1950,19664688.0,#4C553F
3030,Brazil,BRA,1951,21665232.0,#4C553F
3031,Brazil,BRA,1952,24940848.0,#4C553F
3032,Brazil,BRA,1953,25226640.0,#4C553F
3033,Brazil,BRA,1954,29685728.0,#4C553F
3034,Brazil,BRA,1955,34034896.0,#4C553F
3035,Brazil,BRA,1956,36621680.0,#4C553F
3036,Brazil,BRA,1957,35987808.0,#4C553F
3037,Brazil,BRA,1958,39069232.0,#4C553F
3038,Brazil,BRA,1959,39017080.3,#4C553F
3039,Brazil,BRA,1960,46851820.73,#4C553F
3040,Brazil,BRA,1961,49144504.1,#4C553F
3041,Brazil,BRA,1962,53631448.03,#4C553F
3042,Brazil,BRA,1963,55550938.29,#4C553F
3043,Brazil,BRA,1964,56666675.33,#4C553F
3044,Brazil,BRA,1965,56329617.05,#4C553F
3045,Brazil,BRA,1966,64211635.32,#4C553F
3046,Brazil,BRA,1967,66079408.3,#4C553F
3047,Brazil,BRA,1968,77271373.16,#4C553F
3048,Brazil,BRA,1969,84132709.41,#4C553F
3049,Brazil,BRA,1970,93530494.44,#4C553F
3050,Brazil,BRA,1971,102357941.2,#4C553F
3051,Brazil,BRA,1972,114014328.2,#4C553F
3052,Brazil,BRA,1973,132019609.9,#4C553F
3053,Brazil,BRA,1974,142927313.7,#4C553F
3054,Brazil,BRA,1975,150513658.4,#4C553F
3055,Brazil,BRA,1976,154398074.8,#4C553F
3056,Brazil,BRA,1977,162078338.5,#4C553F
3057,Brazil,BRA,1978,175931478.8,#4C553F
3058,Brazil,BRA,1979,187155058.6,#4C553F
3059,Brazil,BRA,1980,185758330.6,#4C553F
3060,Brazil,BRA,1981,170467910.3,#4C553F
3061,Brazil,BRA,1982,170789345.3,#4C553F
3062,Brazil,BRA,1983,165426960.6,#4C553F
3063,Brazil,BRA,1984,167605588.9,#4C553F
3064,Brazil,BRA,1985,179936803.4,#4C553F
3065,Brazil,BRA,1986,197226217.1,#4C553F
3066,Brazil,BRA,1987,205788741.6,#4C553F
3067,Brazil,BRA,1988,207562967.6,#4C553F
3068,Brazil,BRA,1989,212113643.7,#4C553F
3069,Brazil,BRA,1990,206921120.0,#4C553F
3070,Brazil,BRA,1991,217227472.0,#4C553F
3071,Brazil,BRA,1992,218383504.0,#4C553F
3072,Brazil,BRA,1993,228333216.0,#4C553F
3073,Brazil,BRA,1994,239470720.0,#4C553F
3074,Brazil,BRA,1995,255583376.0,#4C553F
3075,Brazil,BRA,1996,281194784.0,#4C553F
3076,Brazil,BRA,1997,296585256.0,#4C553F
3077,Brazil,BRA,1998,308305720.0,#4C553F
3078,Brazil,BRA,1999,316282440.0,#4C553F
3079,Brazil,BRA,2000,324226040.0,#4C553F
3080,Brazil,BRA,2001,332987400.0,#4C553F
3081,Brazil,BRA,2002,327434832.0,#4C553F
3082,Brazil,BRA,2003,317508448.0,#4C553F
3083,Brazil,BRA,2004,333675144.0,#4C553F
3084,Brazil,BRA,2005,342086472.0,#4C553F
3085,Brazil,BRA,2006,341946368.0,#4C553F
3086,Brazil,BRA,2007,356918752.0,#4C553F
3087,Brazil,BRA,2008,380344928.0,#4C553F
3088,Brazil,BRA,2009,360090776.0,#4C553F
3089,Brazil,BRA,2010,411240192.0,#4C553F
3090,Brazil,BRA,2011,430194902.3,#4C553F
3091,Brazil,BRA,2012,460063092.5,#4C553F
3092,Brazil,BRA,2013,493593511.3,#4C553F
3093,Brazil,BRA,2014,519526349.7,#4C553F
3094,Brazil,BRA,2015,512081882.0,#4C553F
3095,Brazil,BRA,2016,473741376.0,#4C553F
3096,Brazil,BRA,2017,476066778.3,#4C553F
4377,China,CHN,1910,18748688.0,#7C704C
4378,China,CHN,1911,27846400.0,#7C704C
4379,China,CHN,1912,9786544.0,#7C704C
4380,China,CHN,1913,10757504.0,#7C704C
4381,China,CHN,1914,15106672.0,#7C704C
4382,China,CHN,1915,16088624.0,#7C704C
4383,China,CHN,1916,17964592.0,#7C704C
4384,China,CHN,1917,19851552.0,#7C704C
4385,China,CHN,1918,21042352.0,#7C704C
4386,China,CHN,1919,24255680.0,#7C704C
4387,China,CHN,1920,26769184.0,#7C704C
4388,China,CHN,1921,25288928.0,#7C704C
4389,China,CHN,1922,26633616.0,#7C704C
4390,China,CHN,1923,32151600.0,#7C704C
4391,China,CHN,1924,35093792.0,#7C704C
4392,China,CHN,1925,33221488.0,#7C704C
4393,China,CHN,1926,29590464.0,#7C704C
4394,China,CHN,1927,33525600.0,#7C704C
4395,China,CHN,1928,34115504.0,#7C704C
4396,China,CHN,1929,35819264.0,#7C704C
4397,China,CHN,1930,37922400.0,#7C704C
4398,China,CHN,1931,40260032.0,#7C704C
4399,China,CHN,1932,38600240.0,#7C704C
4400,China,CHN,1933,42216608.0,#7C704C
4401,China,CHN,1934,49273472.0,#7C704C
4402,China,CHN,1935,57627392.0,#7C704C
4403,China,CHN,1936,65039664.0,#7C704C
4404,China,CHN,1937,60576912.0,#7C704C
4405,China,CHN,1938,55304416.0,#7C704C
4406,China,CHN,1939,67157456.0,#7C704C
4407,China,CHN,1940,86100336.0,#7C704C
4408,China,CHN,1941,107615344.0,#7C704C
4409,China,CHN,1942,113869792.0,#7C704C
4410,China,CHN,1943,97304848.0,#7C704C
4411,China,CHN,1944,97865440.0,#7C704C
4412,China,CHN,1945,50350688.0,#7C704C
4413,China,CHN,1946,31275904.0,#7C704C
4414,China,CHN,1947,33587888.0,#7C704C
4415,China,CHN,1948,23852640.0,#7C704C
4416,China,CHN,1949,59309168.0,#7C704C
4417,China,CHN,1950,78647760.0,#7C704C
4418,China,CHN,1951,101723632.0,#7C704C
4419,China,CHN,1952,128221680.0,#7C704C
4420,China,CHN,1953,134102400.0,#7C704C
4421,China,CHN,1954,161256304.0,#7C704C
4422,China,CHN,1955,190890736.0,#7C704C
4423,China,CHN,1956,216348208.0,#7C704C
4424,China,CHN,1957,256348096.0,#7C704C
4425,China,CHN,1958,525380960.0,#7C704C
4426,China,CHN,1959,720152146.7,#7C704C
4427,China,CHN,1960,778979465.8,#7C704C
4428,China,CHN,1961,550958537.3,#7C704C
4429,China,CHN,1962,439342105.3,#7C704C
4430,China,CHN,1963,435517603.7,#7C704C
4431,China,CHN,1964,435703730.3,#7C704C
4432,China,CHN,1965,474680624.9,#7C704C
4433,China,CHN,1966,521458912.9,#7C704C
4434,China,CHN,1967,432223556.9,#7C704C
4435,China,CHN,1968,467805643.0,#7C704C
4436,China,CHN,1969,575944671.2,#7C704C
4437,China,CHN,1970,770167190.3,#7C704C
4438,China,CHN,1971,874016350.7,#7C704C
4439,China,CHN,1972,928893957.8,#7C704C
4440,China,CHN,1973,965646598.3,#7C704C
4441,China,CHN,1974,985085216.0,#7C704C
4442,China,CHN,1975,1142101906.0,#7C704C
4443,China,CHN,1976,1190964535.0,#7C704C
4444,China,CHN,1977,1304402788.0,#7C704C
4445,China,CHN,1978,1455257506.0,#7C704C
4446,China,CHN,1979,1487113084.0,#7C704C
4447,China,CHN,1980,1458886738.0,#7C704C
4448,China,CHN,1981,1442782298.0,#7C704C
4449,China,CHN,1982,1570468325.0,#7C704C
4450,China,CHN,1983,1655810483.0,#7C704C
4451,China,CHN,1984,1802317096.0,#7C704C
4452,China,CHN,1985,1951773228.0,#7C704C
4453,China,CHN,1986,2052242012.0,#7C704C
4454,China,CHN,1987,2191053006.0,#7C704C
4455,China,CHN,1988,2347763494.0,#7C704C
4456,China,CHN,1989,2386884998.0,#7C704C
4457,China,CHN,1990,2420302108.0,#7C704C
4458,China,CHN,1991,2538923968.0,#7C704C
4459,China,CHN,1992,2657112406.0,#7C704C
4460,China,CHN,1993,2835795473.0,#7C704C
4461,China,CHN,1994,3010242208.0,#7C704C
4462,China,CHN,1995,3265056964.0,#7C704C
4463,China,CHN,1996,3408346591.0,#7C704C
4464,China,CHN,1997,3414549286.0,#7C704C
4465,China,CHN,1998,3265902621.0,#7C704C
4466,China,CHN,1999,3258134887.0,#7C704C
4467,China,CHN,2000,3349294776.0,#7C704C
4468,China,CHN,2001,3426144062.0,#7C704C
4469,China,CHN,2002,3782439297.0,#7C704C
4470,China,CHN,2003,4452310296.0,#7C704C
4471,China,CHN,2004,5125894416.0,#7C704C
4472,China,CHN,2005,5771168440.0,#7C704C
4473,China,CHN,2006,6377748016.0,#7C704C
4474,China,CHN,2007,6861750652.0,#7C704C
4475,China,CHN,2008,7375189907.0,#7C704C
4476,China,CHN,2009,7758811768.0,#7C704C
4477,China,CHN,2010,8500542695.0,#7C704C
4478,China,CHN,2011,9388199234.0,#7C704C
4479,China,CHN,2012,9633899303.0,#7C704C
4480,China,CHN,2013,9796527160.0,#7C704C
4481,China,CHN,2014,9820360492.0,#7C704C
4482,China,CHN,2015,9716467840.0,#7C704C
4483,China,CHN,2016,9704479432.0,#7C704C
4484,China,CHN,2017,9838754028.0,#7C704C
9352,India,IND,1910,25695632.0,#B29B5E
9353,India,IND,1911,27113600.0,#B29B5E
9354,India,IND,1912,31217280.0,#B29B5E
9355,India,IND,1913,34437936.0,#B29B5E
9356,India,IND,1914,34716400.0,#B29B5E
9357,India,IND,1915,36277264.0,#B29B5E
9358,India,IND,1916,36680304.0,#B29B5E
9359,India,IND,1917,38358416.0,#B29B5E
9360,India,IND,1918,43158256.0,#B29B5E
9361,India,IND,1919,47122704.0,#B29B5E
9362,India,IND,1920,38160560.0,#B29B5E
9363,India,IND,1921,41044128.0,#B29B5E
9364,India,IND,1922,40388272.0,#B29B5E
9365,India,IND,1923,41575408.0,#B29B5E
9366,India,IND,1924,44510272.0,#B29B5E
9367,India,IND,1925,43916704.0,#B29B5E
9368,India,IND,1926,43792128.0,#B29B5E
9369,India,IND,1927,45931904.0,#B29B5E
9370,India,IND,1928,44198832.0,#B29B5E
9371,India,IND,1929,45994192.0,#B29B5E
9372,India,IND,1930,46756304.0,#B29B5E
9373,India,IND,1931,42824832.0,#B29B5E
9374,India,IND,1932,39816688.0,#B29B5E
9375,India,IND,1933,39087552.0,#B29B5E
9376,India,IND,1934,43645568.0,#B29B5E
9377,India,IND,1935,45602144.0,#B29B5E
9378,India,IND,1936,44818048.0,#B29B5E
9379,India,IND,1937,49643536.0,#B29B5E
9380,India,IND,1938,55575552.0,#B29B5E
9381,India,IND,1939,54403072.0,#B29B5E
9382,India,IND,1940,57697008.0,#B29B5E
9383,India,IND,1941,58957424.0,#B29B5E
9384,India,IND,1942,58898800.0,#B29B5E
9385,India,IND,1943,51296000.0,#B29B5E
9386,India,IND,1944,52461152.0,#B29B5E
9387,India,IND,1945,58195312.0,#B29B5E
9388,India,IND,1946,57499152.0,#B29B5E
9389,India,IND,1947,58602016.0,#B29B5E
9390,India,IND,1948,58620336.0,#B29B5E
9391,India,IND,1949,61881296.0,#B29B5E
9392,India,IND,1950,66604192.0,#B29B5E
9393,India,IND,1951,69722256.0,#B29B5E
9394,India,IND,1952,73492512.0,#B29B5E
9395,India,IND,1953,74877504.0,#B29B5E
9396,India,IND,1954,78739360.0,#B29B5E
9397,India,IND,1955,85440816.0,#B29B5E
9398,India,IND,1956,88456288.0,#B29B5E
9399,India,IND,1957,99235776.0,#B29B5E
9400,India,IND,1958,103724176.0,#B29B5E
9401,India,IND,1959,109818753.1,#B29B5E
9402,India,IND,1960,120576041.5,#B29B5E
9403,India,IND,1961,130392926.5,#B29B5E
9404,India,IND,1962,143451843.1,#B29B5E
9405,India,IND,1963,154068161.4,#B29B5E
9406,India,IND,1964,150638991.1,#B29B5E
9407,India,IND,1965,165961362.8,#B29B5E
9408,India,IND,1966,171688393.5,#B29B5E
9409,India,IND,1967,172093127.1,#B29B5E
9410,India,IND,1968,187104611.6,#B29B5E
9411,India,IND,1969,190400378.4,#B29B5E
9412,India,IND,1970,194728956.0,#B29B5E
9413,India,IND,1971,205329544.8,#B29B5E
9414,India,IND,1972,217181944.9,#B29B5E
9415,India,IND,1973,223602295.0,#B29B5E
9416,India,IND,1974,231184714.5,#B29B5E
9417,India,IND,1975,251193313.9,#B29B5E
9418,India,IND,1976,262531754.5,#B29B5E
9419,India,IND,1977,277648315.9,#B29B5E
9420,India,IND,1978,281539159.7,#B29B5E
9421,India,IND,1979,295299010.0,#B29B5E
9422,India,IND,1980,312484903.3,#B29B5E
9423,India,IND,1981,337105182.8,#B29B5E
9424,India,IND,1982,347815634.1,#B29B5E
9425,India,IND,1983,376676324.9,#B29B5E
9426,India,IND,1984,385928830.6,#B29B5E
9427,India,IND,1985,424256027.2,#B29B5E
9428,India,IND,1986,455066525.5,#B29B5E
9429,India,IND,1987,486067297.8,#B29B5E
9430,India,IND,1988,525081666.9,#B29B5E
9431,India,IND,1989,576404547.7,#B29B5E
9432,India,IND,1990,616579098.4,#B29B5E
9433,India,IND,1991,656740892.9,#B29B5E
9434,India,IND,1992,698756949.7,#B29B5E
9435,India,IND,1993,722894259.4,#B29B5E
9436,India,IND,1994,764241966.7,#B29B5E
9437,India,IND,1995,811460787.1,#B29B5E
9438,India,IND,1996,878826964.5,#B29B5E
9439,India,IND,1997,915049313.0,#B29B5E
9440,India,IND,1998,933549258.1,#B29B5E
9441,India,IND,1999,995233071.6,#B29B5E
9442,India,IND,2000,1029637759.0,#B29B5E
9443,India,IND,2001,1035640714.0,#B29B5E
9444,India,IND,2002,1047595651.0,#B29B5E
9445,India,IND,2003,1091873009.0,#B29B5E
9446,India,IND,2004,1145545234.0,#B29B5E
9447,India,IND,2005,1210145667.0,#B29B5E
9448,India,IND,2006,1287149211.0,#B29B5E
9449,India,IND,2007,1390253491.0,#B29B5E
9450,India,IND,2008,1547991039.0,#B29B5E
9451,India,IND,2009,1720120560.0,#B29B5E
9452,India,IND,2010,1700027394.0,#B29B5E
9453,India,IND,2011,1817171600.0,#B29B5E
9454,India,IND,2012,1983758813.0,#B29B5E
9455,India,IND,2013,1997878578.0,#B29B5E
9456,India,IND,2014,2207533892.0,#B29B5E
9457,India,IND,2015,2276407195.0,#B29B5E
9458,India,IND,2016,2377447863.0,#B29B5E
9459,India,IND,2017,2466765373.0,#B29B5E
19553,United Kingdom,GBR,1910,469732128.0,#C8CA7F
19554,United Kingdom,GBR,1911,481350672.0,#C8CA7F
19555,United Kingdom,GBR,1912,455885872.0,#C8CA7F
19556,United Kingdom,GBR,1913,498322320.0,#C8CA7F
19557,United Kingdom,GBR,1914,483182672.0,#C8CA7F
19558,United Kingdom,GBR,1915,489481088.0,#C8CA7F
19559,United Kingdom,GBR,1916,507071952.0,#C8CA7F
19560,United Kingdom,GBR,1917,501169248.0,#C8CA7F
19561,United Kingdom,GBR,1918,466848560.0,#C8CA7F
19562,United Kingdom,GBR,1919,456131360.0,#C8CA7F
19563,United Kingdom,GBR,1920,470014256.0,#C8CA7F
19564,United Kingdom,GBR,1921,319804912.0,#C8CA7F
19565,United Kingdom,GBR,1922,428222672.0,#C8CA7F
19566,United Kingdom,GBR,1923,454892928.0,#C8CA7F
19567,United Kingdom,GBR,1924,475982912.0,#C8CA7F
19568,United Kingdom,GBR,1925,449657072.0,#C8CA7F
19569,United Kingdom,GBR,1926,246371024.0,#C8CA7F
19570,United Kingdom,GBR,1927,466734976.0,#C8CA7F
19571,United Kingdom,GBR,1928,437657472.0,#C8CA7F
19572,United Kingdom,GBR,1929,460693040.0,#C8CA7F
19573,United Kingdom,GBR,1930,441094304.0,#C8CA7F
19574,United Kingdom,GBR,1931,412236640.0,#C8CA7F
19575,United Kingdom,GBR,1932,395917184.0,#C8CA7F
19576,United Kingdom,GBR,1933,392172576.0,#C8CA7F
19577,United Kingdom,GBR,1934,423224976.0,#C8CA7F
19578,United Kingdom,GBR,1935,429131344.0,#C8CA7F
19579,United Kingdom,GBR,1936,453823040.0,#C8CA7F
19580,United Kingdom,GBR,1937,468160272.0,#C8CA7F
19581,United Kingdom,GBR,1938,448971904.0,#C8CA7F
19582,United Kingdom,GBR,1939,452456368.0,#C8CA7F
19583,United Kingdom,GBR,1940,475143856.0,#C8CA7F
19584,United Kingdom,GBR,1941,469680832.0,#C8CA7F
19585,United Kingdom,GBR,1942,468929712.0,#C8CA7F
19586,United Kingdom,GBR,1943,454848960.0,#C8CA7F
19587,United Kingdom,GBR,1944,442043280.0,#C8CA7F
19588,United Kingdom,GBR,1945,417641040.0,#C8CA7F
19589,United Kingdom,GBR,1946,436155232.0,#C8CA7F
19590,United Kingdom,GBR,1947,461297600.0,#C8CA7F
19591,United Kingdom,GBR,1948,475598192.0,#C8CA7F
19592,United Kingdom,GBR,1949,485146576.0,#C8CA7F
19593,United Kingdom,GBR,1950,500440112.0,#C8CA7F
19594,United Kingdom,GBR,1951,544836800.0,#C8CA7F
19595,United Kingdom,GBR,1952,528425744.0,#C8CA7F
19596,United Kingdom,GBR,1953,540088256.0,#C8CA7F
19597,United Kingdom,GBR,1954,552710736.0,#C8CA7F
19598,United Kingdom,GBR,1955,576643984.0,#C8CA7F
19599,United Kingdom,GBR,1956,574009568.0,#C8CA7F
19600,United Kingdom,GBR,1957,570396864.0,#C8CA7F
19601,United Kingdom,GBR,1958,555935056.0,#C8CA7F
19602,United Kingdom,GBR,1959,546606132.0,#C8CA7F
19603,United Kingdom,GBR,1960,584020017.6,#C8CA7F
19604,United Kingdom,GBR,1961,588614801.4,#C8CA7F
19605,United Kingdom,GBR,1962,592931498.6,#C8CA7F
19606,United Kingdom,GBR,1963,603385663.2,#C8CA7F
19607,United Kingdom,GBR,1964,607865989.4,#C8CA7F
19608,United Kingdom,GBR,1965,622111621.4,#C8CA7F
19609,United Kingdom,GBR,1966,618074666.0,#C8CA7F
19610,United Kingdom,GBR,1967,592057027.0,#C8CA7F
19611,United Kingdom,GBR,1968,606488304.6,#C8CA7F
19612,United Kingdom,GBR,1969,628382547.0,#C8CA7F
19613,United Kingdom,GBR,1970,652577395.1,#C8CA7F
19614,United Kingdom,GBR,1971,660388283.8,#C8CA7F
19615,United Kingdom,GBR,1972,648026448.4,#C8CA7F
19616,United Kingdom,GBR,1973,659577321.9,#C8CA7F
19617,United Kingdom,GBR,1974,617183889.6,#C8CA7F
19618,United Kingdom,GBR,1975,603247367.3,#C8CA7F
19619,United Kingdom,GBR,1976,598526349.6,#C8CA7F
19620,United Kingdom,GBR,1977,604362139.4,#C8CA7F
19621,United Kingdom,GBR,1978,604713988.3,#C8CA7F
19622,United Kingdom,GBR,1979,644513312.0,#C8CA7F
19623,United Kingdom,GBR,1980,579035974.7,#C8CA7F
19624,United Kingdom,GBR,1981,560555006.5,#C8CA7F
19625,United Kingdom,GBR,1982,548240956.1,#C8CA7F
19626,United Kingdom,GBR,1983,545485794.2,#C8CA7F
19627,United Kingdom,GBR,1984,529108886.3,#C8CA7F
19628,United Kingdom,GBR,1985,559628081.2,#C8CA7F
19629,United Kingdom,GBR,1986,568554785.6,#C8CA7F
19630,United Kingdom,GBR,1987,571668517.3,#C8CA7F
19631,United Kingdom,GBR,1988,570294855.4,#C8CA7F
19632,United Kingdom,GBR,1989,581577310.6,#C8CA7F
19633,United Kingdom,GBR,1990,601067551.5,#C8CA7F
19634,United Kingdom,GBR,1991,609020421.9,#C8CA7F
19635,United Kingdom,GBR,1992,593504125.9,#C8CA7F
19636,United Kingdom,GBR,1993,579402782.1,#C8CA7F
19637,United Kingdom,GBR,1994,575657386.1,#C8CA7F
19638,United Kingdom,GBR,1995,566834101.6,#C8CA7F
19639,United Kingdom,GBR,1996,588493462.0,#C8CA7F
19640,United Kingdom,GBR,1997,562484735.6,#C8CA7F
19641,United Kingdom,GBR,1998,567486178.9,#C8CA7F
19642,United Kingdom,GBR,1999,560505345.8,#C8CA7F
19643,United Kingdom,GBR,2000,567061452.3,#C8CA7F
19644,United Kingdom,GBR,2001,575927499.8,#C8CA7F
19645,United Kingdom,GBR,2002,560040954.1,#C8CA7F
19646,United Kingdom,GBR,2003,571600968.8,#C8CA7F
19647,United Kingdom,GBR,2004,573203764.5,#C8CA7F
19648,United Kingdom,GBR,2005,570001049.8,#C8CA7F
19649,United Kingdom,GBR,2006,567652245.2,#C8CA7F
19650,United Kingdom,GBR,2007,559321980.6,#C8CA7F
19651,United Kingdom,GBR,2008,544848238.5,#C8CA7F
19652,United Kingdom,GBR,2009,494604731.5,#C8CA7F
19653,United Kingdom,GBR,2010,512214253.3,#C8CA7F
19654,United Kingdom,GBR,2011,469811462.2,#C8CA7F
19655,United Kingdom,GBR,2012,487670753.9,#C8CA7F
19656,United Kingdom,GBR,2013,477732571.4,#C8CA7F
19657,United Kingdom,GBR,2014,438691177.0,#C8CA7F
19658,United Kingdom,GBR,2015,422662553.9,#C8CA7F
19659,United Kingdom,GBR,2016,398550884.1,#C8CA7F
19660,United Kingdom,GBR,2017,384706788.6,#C8CA7F
19820,United States,USA,1910,1269227920.0,#3F4135
19821,United States,USA,1911,1256385600.0,#3F4135
19822,United States,USA,1912,1341210864.0,#3F4135
19823,United States,USA,1913,1440113216.0,#3F4135
19824,United States,USA,1914,1315698432.0,#3F4135
19825,United States,USA,1915,1365268688.0,#3F4135
19826,United States,USA,1916,1516258464.0,#3F4135
19827,United States,USA,1917,1668468352.0,#3F4135
19828,United States,USA,1918,1745584560.0,#3F4135
19829,United States,USA,1919,1476951072.0,#3F4135
19830,United States,USA,1920,1735889616.0,#3F4135
19831,United States,USA,1921,1421972752.0,#3F4135
19832,United States,USA,1922,1433327488.0,#3F4135
19833,United States,USA,1923,1894009536.0,#3F4135
19834,United States,USA,1924,1695592944.0,#3F4135
19835,United States,USA,1925,1740898304.0,#3F4135
19836,United States,USA,1926,1888535520.0,#3F4135
19837,United States,USA,1927,1844838656.0,#3F4135
19838,United States,USA,1928,1827786400.0,#3F4135
19839,United States,USA,1929,1960338928.0,#3F4135
19840,United States,USA,1930,1742210016.0,#3F4135
19841,United States,USA,1931,1483080944.0,#3F4135
19842,United States,USA,1932,1256400256.0,#3F4135
19843,United States,USA,1933,1347183184.0,#3F4135
19844,United States,USA,1934,1434390048.0,#3F4135
19845,United States,USA,1935,1490262384.0,#3F4135
19846,United States,USA,1936,1710695952.0,#3F4135
19847,United States,USA,1937,1789563552.0,#3F4135
19848,United States,USA,1938,1513418864.0,#3F4135
19849,United States,USA,1939,1667863792.0,#3F4135
19850,United States,USA,1940,1871490592.0,#3F4135
19851,United States,USA,1941,2039213856.0,#3F4135
19852,United States,USA,1942,2193896944.0,#3F4135
19853,United States,USA,1943,2267184272.0,#3F4135
19854,United States,USA,1944,2440377888.0,#3F4135
19855,United States,USA,1945,2355340112.0,#3F4135
19856,United States,USA,1946,2253033904.0,#3F4135
19857,United States,USA,1947,2480762496.0,#3F4135
19858,United States,USA,1948,2577052416.0,#3F4135
19859,United States,USA,1949,2159990288.0,#3F4135
19860,United States,USA,1950,2535942336.0,#3F4135
19861,United States,USA,1951,2612369712.0,#3F4135
19862,United States,USA,1952,2545080352.0,#3F4135
19863,United States,USA,1953,2605745200.0,#3F4135
19864,United States,USA,1954,2483052496.0,#3F4135
19865,United States,USA,1955,2721721792.0,#3F4135
19866,United States,USA,1956,2852903984.0,#3F4135
19867,United States,USA,1957,2828611664.0,#3F4135
19868,United States,USA,1958,2740924816.0,#3F4135
19869,United States,USA,1959,2823004702.0,#3F4135
19870,United States,USA,1960,2887820432.0,#3F4135
19871,United States,USA,1961,2877369848.0,#3F4135
19872,United States,USA,1962,2984001744.0,#3F4135
19873,United States,USA,1963,3116022372.0,#3F4135
19874,United States,USA,1964,3252755199.0,#3F4135
19875,United States,USA,1965,3388192678.0,#3F4135
19876,United States,USA,1966,3559179160.0,#3F4135
19877,United States,USA,1967,3693298171.0,#3F4135
19878,United States,USA,1968,3828306054.0,#3F4135
19879,United States,USA,1969,4021502617.0,#3F4135
19880,United States,USA,1970,4325500825.0,#3F4135
19881,United States,USA,1971,4351308657.0,#3F4135
19882,United States,USA,1972,4558452642.0,#3F4135
19883,United States,USA,1973,4762452212.0,#3F4135
19884,United States,USA,1974,4592958261.0,#3F4135
19885,United States,USA,1975,4400795008.0,#3F4135
19886,United States,USA,1976,4607168187.0,#3F4135
19887,United States,USA,1977,4735366318.0,#3F4135
19888,United States,USA,1978,4882964043.0,#3F4135
19889,United States,USA,1979,4894042875.0,#3F4135
19890,United States,USA,1980,4716716355.0,#3F4135
19891,United States,USA,1981,4530369843.0,#3F4135
19892,United States,USA,1982,4301970691.0,#3F4135
19893,United States,USA,1983,4335916563.0,#3F4135
19894,United States,USA,1984,4468262025.0,#3F4135
19895,United States,USA,1985,4484338153.0,#3F4135
19896,United States,USA,1986,4487855840.0,#3F4135
19897,United States,USA,1987,4680834052.0,#3F4135
19898,United States,USA,1988,4885590503.0,#3F4135
19899,United States,USA,1989,4948021163.0,#3F4135
19900,United States,USA,1990,5121264461.0,#3F4135
19901,United States,USA,1991,5070839400.0,#3F4135
19902,United States,USA,1992,5174059076.0,#3F4135
19903,United States,USA,1993,5284687882.0,#3F4135
19904,United States,USA,1994,5377987137.0,#3F4135
19905,United States,USA,1995,5439213314.0,#3F4135
19906,United States,USA,1996,5626186717.0,#3F4135
19907,United States,USA,1997,5703890708.0,#3F4135
19908,United States,USA,1998,5752324190.0,#3F4135
19909,United States,USA,1999,5832250178.0,#3F4135
19910,United States,USA,2000,6000606067.0,#3F4135
19911,United States,USA,2001,5902454993.0,#3F4135
19912,United States,USA,2002,5943651279.0,#3F4135
19913,United States,USA,2003,5991319569.0,#3F4135
19914,United States,USA,2004,6106620735.0,#3F4135
19915,United States,USA,2005,6132005704.0,#3F4135
19916,United States,USA,2006,6052236286.0,#3F4135
19917,United States,USA,2007,6130983563.0,#3F4135
19918,United States,USA,2008,5932775281.0,#3F4135
19919,United States,USA,2009,5495394958.0,#3F4135
19920,United States,USA,2010,5701075808.0,#3F4135
19921,United States,USA,2011,5570706560.0,#3F4135
19922,United States,USA,2012,5366730281.0,#3F4135
19923,United States,USA,2013,5519612557.0,#3F4135
19924,United States,USA,2014,5568759258.0,#3F4135
19925,United States,USA,2015,5420804127.0,#3F4135
19926,United States,USA,2016,5310861406.0,#3F4135
19927,United States,USA,2017,5269529513.0,#3F4135
